category,total_orders,total_revenue,total_profit,avg_profit_per_item,profit_margin_percent,revenue_contribution_percent,category_status
Pizza,2721747,63741380.746128894,40456949.0354725,14.86,63.47,31.85,Star
Salads,2720462,46680451.917356454,30002064.591882266,11.03,64.27,23.32,Star
Burgers,2717984,46720710.91584477,25039481.07014005,9.21,53.59,23.34,Star
Desserts,2723032,28305747.73925066,19089734.97651074,7.01,67.44,14.14,High Margin
Beverages,2721978,14707866.493390352,10656773.443299992,3.92,72.46,7.35,High Margin
