city,number_of_locations,total_revenue,total_profit,avg_daily_revenue_per_location,avg_profit_per_location
New York,10,45014789.757088795,28168630.814389136,6166.41,2816863.08
Houston,9,37588297.243138455,23522247.189478412,5721.2,2613583.02
Los Angeles,11,44676386.76262222,27955023.145230744,5563.68,2541365.74
Chicago,16,64685911.286621906,40473073.53020729,5538.18,2529567.1
Miami,4,8190772.762499733,5126028.437999964,2805.06,1281507.11
