location_type,number_of_locations,total_revenue,total_profit,avg_daily_revenue,avg_daily_profit
Airport,6,58144144.56892231,36382176.35285222,13274.92,8306.43
Food Court,6,36744637.748060614,22994169.10822024,8389.19,5249.81
Mall,13,55286984.0533784,34594331.505672,5825.81,3645.35
Street,13,32860051.396379866,20561712.47987128,3462.6,2166.67
Standalone,12,17120340.04522993,10712613.67068981,1954.38,1222.9
