season,locations,total_revenue,total_profit,avg_daily_revenue,total_transactions
Summer,50,54828358.86755086,34307702.15542468,14.71,3728428
Fall,50,49903422.20401144,31226346.25431224,14.71,3391498
Winter,50,49772396.73411834,31143639.636704452,14.71,3383105
Spring,50,45651980.00629047,28567315.07086417,14.72,3102172
