is_weekend,day_type,total_transactions,total_revenue,total_profit,avg_transaction_value
0,Weekday,8698026,127956825.62200387,80065318.30460733,14.71
1,Weekend,4907177,72199332.18996724,45179684.81269821,14.71
